{
    "avg_latency": 28.12908774567768,
    "latencies": [
        28.12908774567768
    ],
    "percentiles": {
        "10": 28.12908774567768,
        "25": 28.12908774567768,
        "50": 28.12908774567768,
        "75": 28.12908774567768,
        "90": 28.12908774567768,
        "99": 28.12908774567768
    }
}