{
    "avg_latency": 27.849123344291,
    "latencies": [
        27.849123344291
    ],
    "percentiles": {
        "10": 27.849123344291,
        "25": 27.849123344291,
        "50": 27.849123344291,
        "75": 27.849123344291,
        "90": 27.849123344291,
        "99": 27.849123344291
    }
}