{
    "avg_latency": 31.1971653890796,
    "latencies": [
        31.1971653890796
    ],
    "percentiles": {
        "10": 31.1971653890796,
        "25": 31.1971653890796,
        "50": 31.1971653890796,
        "75": 31.1971653890796,
        "90": 31.1971653890796,
        "99": 31.1971653890796
    }
}