{
    "avg_latency": 31.19026691513136,
    "latencies": [
        31.19026691513136
    ],
    "percentiles": {
        "10": 31.19026691513136,
        "25": 31.19026691513136,
        "50": 31.19026691513136,
        "75": 31.19026691513136,
        "90": 31.19026691513136,
        "99": 31.19026691513136
    }
}