{
    "avg_latency": 30.065491213928908,
    "latencies": [
        30.065491213928908
    ],
    "percentiles": {
        "10": 30.065491213928908,
        "25": 30.065491213928908,
        "50": 30.065491213928908,
        "75": 30.065491213928908,
        "90": 30.065491213928908,
        "99": 30.065491213928908
    }
}